id,correctAnswer
102501,A
102502,A
102503,B
102504,C
102505,A
102506,C
102507,B
102508,D
102509,A
102510,A
102511,A
102512,B
102513,D
102514,A
102515,A
102516,A
102517,A
102518,A
102519,A
102520,B
102521,A
102522,B
102523,A
102524,B
102525,A
102526,B
102527,C
102528,D
102529,D
102530,C
102531,A
102532,D
102533,A
102534,A
102535,A
102536,B
102537,D
102538,A
102539,D
102540,A
102541,B
102542,A
102543,A
102544,B
102545,D
102546,B
102547,B
102548,C
102549,C
102550,B
102551,C
102552,A
102553,A
102554,C
102555,B
102556,A
102557,D
102558,D
102559,D
102560,A
102561,A
102562,B
102563,B
102564,B
102565,C
102566,B
102567,B
102568,A
102569,C
102570,A
102571,C
102572,D
102573,D
102574,A
102575,D
102576,D
102577,A
102578,D
102579,D
102580,B
102581,D
102582,B
102583,C
102584,C
102585,A
102586,D
102587,C
102588,B
102589,A
102590,D
102591,B
102592,A
102593,C
102594,B
102595,B
102596,B
102597,C
102598,A
102599,A
102600,D
102601,C
102602,C
102603,D
102604,A
102605,B
102606,C
102607,C
102608,C
102609,A
102610,C
102611,B
102612,A
102613,D
102614,B
102615,D
102616,C
102617,B
102618,D
102619,A
102620,A
102621,A
102622,A
102623,B
102624,B
102625,B
102626,C
102627,A
102628,C
102629,A
102630,A
102631,A
102632,B
102633,A
102634,A
102635,C
102636,B
102637,A
102638,D
102639,B
102640,D
102641,A
102642,A
102643,A
102644,B
102645,A
102646,D
102647,D
102648,D
102649,A
102650,D
102651,D
102652,C
102653,A
102654,B
102655,C
102656,B
102657,D
102658,C
102659,B
102660,A
102661,A
102662,B
102663,A
102664,C
102665,B
102666,C
102667,B
102668,C
102669,C
102670,C
102671,A
102672,C
102673,D
102674,A
102675,A
102676,D
102677,A
102678,A
102679,A
102680,D
102681,B
102682,B
102683,B
102684,A
102685,C
102686,C
102687,A
102688,C
102689,D
102690,C
102691,D
102692,B
102693,B
102694,A
102695,A
102696,A
102697,D
102698,A
102699,A
102700,A
102701,B
102702,A
102703,C
102704,C
102705,B
102706,C
102707,C
102708,D
102709,A
102710,B
102711,C
102712,A
102713,A
102714,D
102715,D
102716,D
102717,C
102718,B
102719,C
102720,B
102721,C
102722,B
102723,D
102724,A
102725,B
102726,A
102727,B
102728,A
102729,C
102730,B
102731,A
102732,D
102733,C
102734,B
102735,A
102736,C
102737,C
102738,C
102739,B
102740,B
102741,A
102742,B
102743,B
102744,C
102745,C
102746,B
102747,D
102748,B
102749,A
102750,A
102751,C
102752,D
102753,C
102754,A
102755,A
102756,A
102757,C
102758,A
102759,C
102760,A
102761,A
102762,B
102763,A
102764,C
102765,C
102766,D
102767,C
102768,C
102769,A
102770,D
102771,D
102772,D
102773,B
102774,C
102775,A
102776,C
102777,B
102778,C
102779,C
102780,B
102781,B
102782,B
102783,A
102784,A
102785,A
102786,A
102787,B
102788,A
102789,D
102790,C
102791,C
102792,A
102793,D
102794,C
102795,D
102796,A
102797,B
102798,A
102799,D
102800,B
102801,A
102802,A
102803,A
102804,A
102805,D
102806,A
102807,D
102808,B
102809,D
102810,D
102811,A
102812,A
102813,A
102814,D
102815,D
102816,A
102817,D
102818,B
102819,A
102820,B
102821,B
102822,A
102823,B
102824,B
102825,A
102826,A
102827,B
102828,A
102829,A
102830,A
102831,B
102832,A
102833,C
102834,A
102835,C
102836,D
102837,C
102838,B
102839,A
102840,B
102841,A
102842,B
102843,A
102844,D
102845,B
102846,A
102847,D
102848,A
102849,B
102850,B
102851,B
102852,B
102853,A
102854,B
102855,A
102856,D
102857,B
102858,D
102859,D
102860,D
102861,A
102862,A
102863,A
102864,B
102865,D
102866,A
102867,C
102868,D
102869,A
102870,A
102871,A
102872,A
102873,D
102874,A
102875,A
102876,D
102877,B
102878,C
102879,B
102880,A
102881,D
102882,C
102883,B
102884,A
102885,B
102886,A
102887,B
102888,D
102889,A
102890,A
102891,D
102892,A
102893,D
102894,C
102895,C
102896,D
102897,A
102898,A
102899,C
102900,D
102901,A
102902,C
102903,A
102904,A
102905,B
102906,C
102907,B
102908,A
102909,A
102910,D
102911,C
102912,D
102913,A
102914,B
102915,D
102916,A
102917,B
102918,D
102919,C
102920,D
102921,D
102922,C
102923,A
102924,B
102925,C
102926,A
102927,D
102928,A
102929,B
102930,A
102931,D
102932,D
102933,C
102934,A
102935,C
102936,C
102937,C
102938,B
102939,C
102940,B
102941,B
102942,B
102943,B
102944,A
102945,D
102946,D
102947,A
102948,C
102949,C
102950,A
102951,B
102952,D
102953,D
102954,D
102955,A
102956,A
102957,C
102958,B
102959,B
102960,A
102961,A
102962,D
102963,B
102964,A
102965,A
102966,C
102967,A
102968,A
102969,D
102970,D
102971,D
102972,C
102973,D
102974,D
102975,B
102976,B
102977,A
102978,D
102979,A
102980,B
102981,A
102982,A
102983,B
102984,A
102985,D
102986,B
102987,D
102988,A
102989,B
102990,D
102991,A
102992,C
102993,C
102994,C
102995,A
102996,A
102997,D
102998,D
102999,A
103000,D
103001,C
103002,C
103003,D
103004,A
103005,A
103006,B
103007,C
103008,C
103009,D
103010,A
103011,B
103012,B
103013,A
103014,A
103015,A
103016,A
103017,B
103018,C
103019,A
103020,B
103021,A
103022,A
103023,C
103024,C
103025,C
103026,A
103027,A
103028,A
103029,A
103030,D
103031,C
103032,A
103033,C
103034,A
103035,D
103036,C
103037,A
103038,A
103039,A
103040,C
103041,B
103042,D
103043,C
103044,A
103045,C
103046,A
103047,B
103048,A
103049,B
103050,A
103051,C
103052,A
103053,A
103054,A
103055,A
103056,C
103057,A
103058,B
103059,C
103060,D
103061,A
103062,A
103063,C
103064,A
103065,A
103066,A
103067,B
103068,A
103069,A
103070,D
103071,D
103072,C
103073,B
103074,C
103075,A
103076,A
103077,A
103078,C
103079,A
103080,A
103081,C
103082,A
103083,C
103084,D
103085,C
103086,B
103087,A
103088,C
103089,D
103090,B
103091,B
103092,A
103093,D
103094,A
103095,D
103096,A
103097,A
103098,B
103099,A
103100,A
103101,C
103102,B
103103,C
103104,A
103105,D
103106,A
103107,B
103108,D
103109,C
103110,B
103111,D
103112,A
103113,B
103114,B
103115,A
103116,B
103117,A
103118,A
103119,D
103120,B
103121,D
103122,C
103123,B
103124,A
103125,C
103126,A
103127,C
103128,A
103129,C
103130,B
103131,A
103132,B
103133,B
103134,A
103135,B
103136,B
103137,C
103138,A
103139,B
103140,C
103141,D
103142,A
103143,D
103144,C
103145,D
103146,B
103147,A
103148,B
103149,A
103150,A
103151,A
103152,C
103153,B
103154,A
103155,B
103156,D
103157,C
103158,C
103159,D
103160,A
103161,C
103162,A
103163,A
103164,A
103165,A
103166,A
103167,A
103168,A
103169,B
103170,A
103171,B
103172,C
103173,A
103174,D
103175,B
103176,A
103177,A
103178,B
103179,B
103180,C
103181,B
103182,A
103183,D
103184,A
103185,D
103186,C
103187,A
103188,A
103189,B
103190,A
103191,A
103192,A
103193,D
103194,A
103195,A
103196,A
103197,A
103198,C
103199,C
103200,B
103201,C
103202,A
103203,C
103204,A
103205,D
103206,A
103207,D
103208,C
103209,A
103210,D
103211,A
103212,B
103213,C
103214,C
103215,A
103216,D
103217,B
103218,B
103219,A
103220,C
103221,A
103222,A
103223,A
103224,A
103225,A
103226,C
103227,A
103228,A
103229,A
103230,B
103231,B
103232,B
103233,C
103234,D
103235,A
103236,D
103237,A
103238,A
103239,B
103240,B
103241,D
103242,A
103243,D
103244,C
103245,A
103246,B
103247,C
103248,C
103249,B
103250,C
103251,A
103252,B
103253,A
103254,D
103255,A
103256,D
103257,B
103258,D
103259,C
103260,C
103261,A
103262,A
103263,B
103264,A
103265,A
103266,A
103267,D
103268,A
103269,A
103270,C
103271,C
103272,C
103273,A
103274,B
103275,B
103276,B
103277,B
103278,C
103279,A
103280,A
103281,B
103282,D
103283,D
103284,A
103285,C
103286,C
103287,B
103288,D
103289,A
103290,A
103291,B
103292,C
103293,A
103294,B
103295,A
103296,C
103297,B
103298,C
103299,C
103300,C
103301,B
103302,C
103303,A
103304,C
103305,B
103306,B
103307,B
103308,D
103309,C
103310,A
103311,A
103312,B
103313,A
103314,A
103315,B
103316,B
103317,A
103318,C
103319,D
103320,B
103321,A
103322,C
103323,C
103324,A
103325,A
103326,A
103327,D
103328,B
103329,D
103330,B
103331,D
103332,C
103333,C
103334,C
103335,D
103336,A
103337,A
103338,B
103339,D
103340,A
103341,A
103342,C
103343,B
103344,D
103345,A
103346,A
103347,D
103348,A
103349,D
103350,A
103351,A
103352,B
103353,B
103354,A
103355,A
103356,C
103357,B
103358,C
103359,B
103360,A
103361,D
103362,B
103363,B
103364,D
103365,A
103366,D
103367,A
103368,A
103369,C
103370,B
103371,B
103372,C
103373,B
103374,A
103375,A
103376,A
103377,B
103378,B
103379,A
103380,A
103381,A
103382,A
103383,A
103384,A
103385,A
103386,A
103387,A
103388,B
103389,A
103390,D
103391,C
103392,D
103393,D
103394,A
103395,B
103396,D
103397,A
103398,C
103399,C
103400,A
103401,A
103402,C
103403,B
103404,D
103405,C
103406,D
103407,C
103408,C
103409,A
103410,A
103411,D
103412,A
103413,A
103414,B
103415,A
103416,A
103417,A
103418,D
103419,C
103420,B
103421,A
103422,B
103423,A
103424,B
103425,A
103426,B
103427,A
103428,A
103429,A
103430,D
103431,A
103432,A
103433,A
103434,D
103435,A
103436,B
103437,A
103438,A
103439,B
103440,C
103441,C
103442,B
103443,D
103444,C
103445,C
103446,A
103447,B
103448,A
103449,A
103450,B
103451,C
103452,A
103453,A
103454,A
103455,B
103456,C
103457,A
103458,D
103459,A
103460,B
103461,A
103462,D
103463,A
103464,D
103465,B
103466,A
103467,D
103468,C
103469,A
103470,C
103471,C
103472,A
103473,C
103474,C
103475,D
103476,A
103477,A
103478,A
103479,A
103480,D
103481,C
103482,C
103483,A
103484,A
103485,D
103486,C
103487,D
103488,C
103489,C
103490,A
103491,D
103492,B
103493,A
103494,B
103495,D
103496,B
103497,C
103498,C
103499,D
103500,A
103501,C
103502,A
103503,C
103504,A
103505,A
103506,A
103507,C
103508,D
103509,D
103510,C
103511,C
103512,D
103513,D
103514,A
103515,A
103516,C
103517,C
103518,C
103519,A
103520,A
103521,A
103522,D
103523,A
103524,D
103525,C
103526,A
103527,A
103528,A
103529,B
103530,D
103531,A
103532,D
103533,C
103534,A
103535,A
103536,A
103537,A
103538,B
103539,A
103540,D
103541,D
103542,A
103543,D
103544,D
103545,B
103546,C
103547,D
103548,B
103549,D
103550,D
103551,A
103552,C
103553,B
103554,A
103555,C
103556,B
103557,C
103558,B
103559,A
103560,D
103561,C
103562,A
103563,C
103564,B
103565,D
103566,A
103567,B
103568,D
103569,C
103570,C
103571,A
103572,A
103573,D
103574,D
103575,B
103576,C
103577,B
103578,A
103579,A
103580,D
103581,C
103582,C
103583,B
103584,C
103585,A
103586,A
103587,A
103588,B
103589,B
103590,A
103591,A
103592,A
103593,C
103594,A
103595,A
103596,A
103597,A
103598,A
103599,D
103600,D
103601,A
103602,C
103603,C
103604,C
103605,B
103606,B
103607,A
103608,A
103609,B
103610,A
103611,B
103612,D
103613,A
103614,A
103615,D
103616,D
103617,B
103618,D
103619,C
103620,B
103621,A
103622,A
103623,A
103624,C
103625,B
103626,B
103627,C
103628,D
103629,C
103630,A
103631,A
103632,C
103633,D
103634,C
103635,A
103636,C
103637,A
103638,A
103639,B
103640,A
103641,B
103642,C
103643,A
103644,C
103645,D
103646,A
103647,B
103648,C
103649,C
103650,C
103651,C
103652,D
103653,D
103654,A
103655,C
103656,A
103657,D
103658,A
103659,B
103660,A
103661,B
103662,B
103663,B
103664,A
103665,A
103666,C
103667,D
103668,B
103669,D
103670,B
103671,A
103672,B
103673,A
103674,A
103675,C
103676,A
103677,B
103678,C
103679,B
103680,D
103681,D
103682,A
103683,B
103684,B
103685,A
103686,C
103687,B
103688,A
103689,D
103690,A
103691,A
103692,D
103693,B
103694,A
103695,C
103696,C
103697,A
103698,C
103699,A
103700,D
103701,B
103702,C
103703,A
103704,D
103705,A
103706,C
103707,A
103708,A
103709,A
103710,D
103711,B
103712,A
103713,C
103714,B
103715,D
103716,A
103717,A
103718,A
103719,D
103720,C
103721,C
103722,D
103723,B
103724,B
103725,A
103726,C
103727,C
103728,A
103729,A
103730,D
103731,C
103732,A
103733,D
103734,C
103735,A
103736,A
103737,A
103738,D
103739,B
103740,D
103741,A
103742,A
103743,B
103744,D
103745,B
103746,D
103747,B
103748,B
103749,A
103750,C
103751,A
103752,D
103753,D
103754,A
103755,D
103756,A
103757,B
103758,A
103759,B
103760,A
103761,A
103762,C
103763,B
103764,A
103765,C
103766,D
103767,C
103768,B
103769,A
103770,D
103771,B
103772,C
103773,D
103774,A
103775,D
103776,A
103777,A
103778,C
103779,A
103780,D
103781,B
103782,B
103783,A
103784,C
103785,D
103786,B
103787,A
103788,D
103789,A
103790,A
103791,C
103792,C
103793,A
103794,D
103795,C
103796,A
103797,A
103798,A
103799,A
103800,B
103801,B
103802,A
103803,D
103804,A
103805,A
103806,B
103807,B
103808,B
103809,A
103810,D
103811,A
103812,A
103813,A
103814,B
103815,A
103816,A
103817,A
103818,B
103819,A
103820,A
103821,C
103822,A
103823,B
103824,B
103825,B
103826,A
103827,A
103828,B
103829,D
103830,D
103831,C
103832,D
103833,D
103834,A
103835,C
103836,D
103837,B
103838,A
103839,B
103840,B
103841,B
103842,C
103843,A
103844,D
103845,A
103846,A
103847,B
103848,A
103849,A
103850,C
103851,B
103852,C
103853,B
103854,A
103855,B
103856,C
103857,C
103858,C
103859,C
103860,A
103861,C
103862,A
103863,A
103864,D
103865,A
103866,D
103867,C
103868,B
103869,C
103870,A
103871,B
103872,C
103873,A
103874,C
103875,B
103876,D
103877,A
103878,D
103879,A
103880,A
103881,A
103882,A
103883,B
103884,A
103885,B
103886,C
103887,B
103888,A
103889,B
103890,A
103891,A
103892,C
103893,B
103894,D
103895,C
103896,C
103897,B
103898,C
103899,C
103900,B
103901,C
103902,D
103903,B
103904,B
103905,D
103906,A
103907,B
103908,C
103909,A
103910,C
103911,A
103912,C
103913,A
103914,A
103915,B
103916,A
103917,D
103918,D
103919,B
103920,A
103921,B
103922,A
103923,A
103924,A
103925,A
103926,A
103927,A
103928,B
103929,B
103930,C
103931,B
103932,A
103933,A
103934,A
103935,B
103936,D
103937,D
103938,B
103939,A
103940,B
103941,A
103942,A
103943,A
103944,C
103945,C
103946,C
103947,B
103948,B
103949,C
103950,C
103951,D
103952,D
103953,D
103954,D
103955,C
103956,B
103957,A
103958,A
103959,C
103960,A
103961,C
103962,C
103963,A
103964,A
103965,D
103966,D
103967,C
103968,D
103969,C
103970,A
103971,A
103972,B
103973,A
103974,D
103975,C
103976,C
103977,A
103978,D
103979,B
103980,D
103981,D
103982,C
103983,D
103984,C
103985,A
103986,D
103987,D
103988,B
103989,C
103990,D
103991,D
103992,A
103993,B
103994,A
103995,D
103996,D
103997,D
103998,A
103999,A
104000,A
104001,A
104002,D
104003,C
104004,C
104005,D
104006,C
104007,A
104008,A
104009,A
104010,A
104011,A
104012,B
104013,A
104014,C
104015,D
104016,A
104017,A
104018,A
104019,B
104020,A
104021,D
104022,C
104023,A
104024,A
104025,A
104026,A
104027,A
104028,D
104029,A
104030,A
104031,D
104032,D
104033,D
104034,A
104035,C
104036,C
104037,B
104038,C
104039,A
104040,C
104041,C
104042,B
104043,C
104044,B
104045,A
104046,D
104047,A
104048,A
104049,A
104050,A
104051,A
104052,A
104053,A
104054,D
104055,C
104056,B
104057,D
104058,C
104059,A
104060,C
104061,A
104062,D
104063,A
104064,B
104065,C
104066,C
104067,C
104068,B
104069,C
104070,D
104071,C
104072,B
104073,B
104074,B
104075,D
104076,C
104077,B
104078,D
104079,A
104080,C
104081,D
104082,D
104083,D
104084,B
104085,D
104086,A
104087,B
104088,B
104089,B
104090,A
104091,B
104092,B
104093,D
104094,A
104095,D
104096,A
104097,B
104098,A
104099,A
104100,D
104101,B
104102,C
104103,B
104104,D
104105,A
104106,B
104107,A
104108,B
104109,B
104110,B
104111,B
104112,A
104113,A
104114,A
104115,C
104116,C
104117,C
104118,C
104119,B
104120,B
104121,A
104122,A
104123,A
104124,D
104125,D
104126,B
104127,C
104128,A
104129,B
104130,B
104131,C
104132,B
104133,D
104134,D
104135,C
104136,C
104137,B
104138,D
104139,B
104140,A
104141,A
104142,A
104143,D
104144,A
104145,A
104146,B
104147,A
104148,D
104149,A
104150,C
104151,D
104152,B
104153,A
104154,C
104155,C
104156,A
104157,C
104158,C
104159,A
104160,D
104161,D
104162,D
104163,B
104164,C
104165,D
104166,A
104167,A
104168,A
104169,C
104170,A
104171,A
104172,C
104173,D
104174,D
104175,D
104176,B
104177,A
104178,B
104179,C
104180,A
104181,C
104182,D
104183,B
104184,C
104185,A
104186,D
104187,B
104188,A
104189,A
104190,A
104191,D
104192,C
104193,D
104194,A
104195,D
104196,B
104197,A
104198,C
104199,D
104200,D
104201,A
104202,A
104203,B
104204,A
104205,C
104206,D
104207,D
104208,A
104209,A
104210,A
104211,B
104212,A
104213,C
104214,A
104215,D
104216,C
104217,A
104218,C
104219,B
104220,A
104221,B
104222,A
104223,B
104224,C
104225,A
104226,B
104227,B
104228,D
104229,C
104230,A
104231,A
104232,A
104233,A
104234,A
104235,A
104236,D
104237,D
104238,B
104239,D
104240,C
104241,A
104242,B
104243,A
104244,C
104245,A
104246,B
104247,A
104248,D
104249,A
104250,A
104251,C
104252,D
104253,B
104254,D
104255,D
104256,A
104257,C
104258,A
104259,A
104260,B
104261,C
104262,C
104263,B
104264,C
104265,A
104266,D
104267,D
104268,A
104269,A
104270,A
104271,C
104272,A
104273,A
104274,D
104275,A
104276,A
104277,D
104278,C
104279,B
104280,A
104281,D
104282,C
104283,A
104284,C
104285,C
104286,C
104287,A
104288,C
104289,D
104290,B
104291,C
104292,C
104293,B
104294,A
104295,D
104296,B
104297,A
104298,C
104299,C
104300,A
104301,D
104302,A
104303,A
104304,A
104305,B
104306,B
104307,A
104308,D
104309,A
104310,C
104311,B
104312,C
104313,C
104314,B
104315,A
104316,C
104317,C
104318,A
104319,A
104320,A
104321,A
104322,A
104323,A
104324,D
104325,B
104326,D
104327,C
104328,C
104329,D
104330,B
104331,D
104332,D
104333,A
104334,A
104335,A
104336,D
104337,B
104338,A
104339,B
104340,C
104341,D
104342,B
104343,B
104344,D
104345,A
104346,A
104347,A
104348,D
104349,C
104350,D
104351,A
104352,B
104353,C
104354,D
104355,C
104356,D
104357,B
104358,D
104359,C
104360,D
104361,D
104362,A
104363,A
104364,A
104365,C
104366,A
104367,A
104368,B
104369,D
104370,C
104371,C
104372,B
104373,C
104374,D
104375,C
104376,A
104377,A
104378,C
104379,C
104380,A
104381,B
104382,B
104383,D
104384,A
104385,B
104386,D
104387,B
104388,C
104389,A
104390,A
104391,A
104392,D
104393,A
104394,C
104395,A
104396,D
104397,A
104398,D
104399,A
104400,B
104401,D
104402,D
104403,A
104404,A
104405,A
104406,C
104407,C
104408,A
104409,D
104410,D
104411,D
104412,C
104413,B
104414,C
104415,A
104416,C
104417,C
104418,D
104419,D
104420,A
104421,A
104422,D
104423,A
104424,A
104425,C
104426,A
104427,D
104428,A
104429,C
104430,B
104431,A
104432,A
104433,D
104434,C
104435,A
104436,C
104437,B
104438,B
104439,D
104440,B
104441,B
104442,B
104443,D
104444,A
104445,B
104446,C
104447,A
104448,A
104449,A
104450,C
104451,A
104452,C
104453,A
104454,B
104455,D
104456,A
104457,C
104458,A
104459,A
104460,D
104461,A
104462,B
104463,C
104464,C
104465,D
104466,A
104467,B
104468,B
104469,A
104470,B
104471,C
104472,C
104473,D
104474,B
104475,A
104476,A
104477,B
104478,D
104479,A
104480,C
104481,D
104482,C
104483,D
104484,B
104485,D
104486,A
104487,C
104488,B
104489,A
104490,D
104491,A
104492,B
104493,A
104494,A
104495,A
104496,A
104497,A
104498,A
104499,D
104500,C
104501,D
104502,B
104503,C
104504,C
104505,C
104506,A
104507,B
104508,A
104509,A
104510,D
104511,A
104512,A
104513,A
104514,B
104515,B
104516,B
104517,A
104518,C
104519,C
104520,D
104521,C
104522,C
104523,A
104524,A
104525,C
104526,D
104527,C
104528,C
104529,D
104530,B
104531,B
104532,A
104533,D
104534,D
104535,B
104536,A
104537,A
104538,B
104539,A
104540,D
104541,A
104542,B
104543,B
104544,D
104545,B
104546,B
104547,D
104548,C
104549,A
104550,B
104551,A
104552,C
104553,A
104554,B
104555,A
104556,A
104557,D
104558,D
104559,A
104560,C
104561,A
104562,A
104563,A
104564,B
104565,D
104566,A
104567,D
104568,C
104569,D
104570,B
104571,A
104572,D
104573,D
104574,D
104575,C
104576,A
104577,D
104578,C
104579,B
104580,C
104581,A
104582,A
104583,D
104584,A
104585,B
104586,B
104587,B
104588,C
104589,C
104590,D
104591,A
104592,B
104593,C
104594,A
104595,D
104596,A
104597,C
104598,A
104599,C
104600,A
104601,A
104602,A
104603,A
104604,D
104605,A
104606,D
104607,A
104608,C
104609,A
104610,A
104611,A
104612,A
104613,C
104614,B
104615,C
104616,A
104617,A
104618,D
104619,C
104620,D
104621,A
104622,A
104623,C
104624,A
104625,D
104626,D
104627,B
104628,B
104629,A
104630,C
104631,D
104632,D
104633,C
104634,A
104635,C
104636,C
104637,A
104638,C
104639,A
104640,D
104641,B
104642,A
104643,C
104644,A
104645,D
104646,D
104647,C
104648,A
104649,C
104650,D
104651,B
104652,A
104653,D
104654,D
104655,A
104656,C
104657,A
104658,B
104659,C
104660,A
104661,A
104662,D
104663,A
104664,D
104665,C
104666,D
104667,A
104668,D
104669,A
104670,D
104671,C
104672,A
104673,B
104674,A
104675,C
104676,A
104677,D
104678,A
104679,C
104680,D
104681,D
104682,B
104683,A
104684,D
104685,A
104686,A
104687,A
104688,B
104689,C
104690,D
104691,A
104692,A
104693,A
104694,D
104695,B
104696,B
104697,A
104698,B
104699,C
104700,C
104701,A
104702,D
104703,C
104704,C
104705,B
104706,A
104707,C
104708,A
104709,A
104710,C
104711,B
104712,B
104713,D
104714,A
104715,B
104716,A
104717,B
104718,A
104719,A
104720,A
104721,D
104722,A
104723,B
104724,B
104725,A
104726,A
104727,D
104728,D
104729,C
104730,A
104731,B
104732,C
104733,A
104734,B
104735,D
104736,A
104737,B
104738,B
104739,A
104740,A
104741,B
104742,D
104743,A
104744,A
104745,C
104746,C
104747,A
104748,A
104749,A
104750,D
104751,B
104752,A
104753,B
104754,A
104755,D
104756,B
104757,A
104758,A
104759,B
104760,B
104761,A
104762,A
104763,A
104764,C
104765,A
104766,A
104767,D
104768,A
104769,A
104770,A
104771,C
104772,A
104773,A
104774,A
104775,D
104776,A
104777,D
104778,C
104779,C
104780,C
104781,C
104782,B
104783,A
104784,D
104785,A
104786,C
104787,D
104788,A
104789,A
104790,A
104791,A
104792,A
104793,B
104794,C
104795,A
104796,A
104797,A
104798,C
104799,B
104800,C
104801,A
104802,A
104803,D
104804,C
104805,B
104806,A
104807,C
104808,A
104809,B
104810,A
104811,B
104812,D
104813,D
104814,B
104815,A
104816,C
104817,C
104818,A
104819,A
104820,A
104821,C
104822,D
104823,D
104824,C
104825,B
104826,A
104827,C
104828,C
104829,A
104830,D
104831,A
104832,D
104833,A
104834,B
104835,D
104836,D
104837,A
104838,B
104839,A
104840,A
104841,B
104842,C
104843,A
104844,A
104845,D
104846,B
104847,D
104848,C
104849,C
104850,D
104851,A
104852,A
104853,C
104854,A
104855,D
104856,C
104857,D
104858,C
104859,A
104860,A
104861,A
104862,A
104863,B
104864,D
104865,B
104866,B
104867,A
104868,A
104869,A
104870,A
104871,B
104872,D
104873,B
104874,C
104875,C
104876,B
104877,A
104878,C
104879,A
104880,C
104881,D
104882,D
104883,A
104884,C
104885,A
104886,A
104887,D
104888,B
104889,C
104890,D
104891,C
104892,B
104893,B
104894,A
104895,B
104896,C
104897,D
104898,B
104899,A
104900,D
104901,A
104902,C
104903,A
104904,B
104905,C
104906,A
104907,B
104908,A
104909,C
104910,A
104911,B
104912,C
104913,B
104914,C
104915,A
104916,D
104917,A
104918,A
104919,D
104920,D
104921,C
104922,A
104923,D
104924,A
104925,D
104926,B
104927,A
104928,C
104929,D
104930,A
104931,A
104932,B
104933,B
104934,D
104935,A
104936,A
104937,B
104938,B
104939,D
104940,A
104941,B
104942,B
104943,C
104944,A
104945,C
104946,B
104947,D
104948,A
104949,A
104950,D
104951,D
104952,D
104953,B
104954,B
104955,D
104956,A
104957,D
104958,D
104959,A
104960,C
104961,A
104962,A
104963,A
104964,D
104965,C
104966,B
104967,A
104968,B
104969,D
104970,A
104971,D
104972,A
104973,D
104974,D
104975,A
104976,D
104977,C
104978,B
104979,D
104980,A
104981,D
104982,A
104983,A
104984,C
104985,D
104986,B
104987,A
104988,D
104989,A
104990,C
104991,C
104992,B
104993,C
104994,A
104995,A
104996,A
104997,A
104998,D
104999,C
105000,A
105001,D
105002,A
105003,B
105004,A
105005,B
105006,C
105007,B
105008,B
105009,A
105010,D
105011,C
105012,A
105013,B
105014,C
105015,A
105016,B
105017,D
105018,D
105019,B
105020,D
105021,D
105022,D
105023,C
105024,B
105025,D
105026,A
105027,C
105028,D
105029,A
105030,D
105031,A
105032,B
105033,D
105034,D
105035,B
105036,C
105037,A
105038,D
105039,A
105040,B
105041,B
105042,A
105043,C
105044,A
105045,C
105046,A
105047,C
105048,B
105049,A
105050,A
105051,B
105052,D
105053,A
105054,C
105055,D
105056,B
105057,A
105058,A
105059,A
105060,A
105061,A
105062,A
105063,C
105064,B
105065,B
105066,D
105067,B
105068,B
105069,C
105070,D
105071,C
105072,A
105073,A
105074,A
105075,B
105076,D
105077,A
105078,A
105079,A
105080,A
105081,C
105082,C
105083,B
105084,A
105085,A
105086,A
105087,D
105088,B
105089,A
105090,A
105091,B
105092,C
105093,D
105094,C
105095,A
105096,A
105097,B
105098,A
105099,C
105100,C
105101,C
105102,A
105103,C
105104,C
105105,B
105106,C
105107,D
105108,C
105109,B
105110,A
105111,A
105112,D
105113,A
105114,C
105115,A
105116,A
105117,A
105118,B
105119,B
105120,B
105121,C
105122,A
105123,D
105124,A
105125,C
105126,B
105127,B
105128,A
105129,B
105130,A
105131,A
105132,A
105133,C
105134,C
105135,A
105136,C
105137,B
105138,C
105139,B
105140,C
105141,C
105142,A
105143,A
105144,A
105145,A
105146,A
105147,A
105148,D
105149,B
105150,A
105151,B
105152,C
105153,B
105154,C
105155,C
105156,A
105157,A
105158,B
105159,A
105160,D
105161,D
105162,D
105163,B
105164,D
105165,A
105166,A
105167,B
105168,B
105169,A
105170,A
105171,A
105172,A
105173,A
105174,D
105175,A
105176,B
105177,D
105178,A
105179,D
105180,C
105181,A
105182,A
105183,D
105184,C
105185,B
105186,C
105187,A
105188,B
105189,A
105190,D
105191,D
105192,A
105193,D
105194,C
105195,B
105196,D
105197,C
105198,A
105199,A
105200,A
105201,D
105202,C
105203,B
105204,B
105205,B
105206,B
105207,A
105208,A
105209,B
105210,A
105211,B
105212,C
105213,A
105214,C
105215,B
105216,A
105217,D
105218,B
105219,A
105220,B
105221,A
105222,A
105223,A
105224,A
105225,A
105226,A
105227,C
105228,D
105229,A
105230,B
105231,D
105232,A
105233,C
105234,D
105235,B
105236,C
105237,C
105238,B
105239,A
105240,B
105241,C
105242,B
105243,B
105244,D
105245,A
105246,B
105247,B
105248,D
105249,D
105250,A
105251,D
105252,A
105253,C
105254,C
105255,B
105256,B
105257,A
105258,A
105259,D
105260,B
105261,C
105262,B
105263,C
105264,C
105265,D
105266,A
105267,C
105268,A
105269,D
105270,A
105271,C
105272,B
105273,A
105274,A
105275,B
105276,A
105277,B
105278,B
105279,A
105280,B
105281,D
105282,B
105283,B
105284,D
105285,A
105286,B
105287,A
105288,C
105289,A
105290,C
105291,A
105292,B
105293,B
105294,B
105295,A
105296,A
105297,C
105298,B
105299,A
105300,A
105301,B
105302,B
105303,C
105304,A
105305,D
105306,A
105307,A
105308,C
105309,B
105310,D
105311,C
105312,D
105313,B
105314,B
105315,B
105316,A
105317,A
105318,C
105319,D
105320,B
105321,C
105322,D
105323,C
105324,B
105325,D
105326,D
105327,B
105328,A
105329,C
105330,C
105331,B
105332,D
105333,A
105334,D
105335,A
105336,D
105337,D
105338,D
105339,A
105340,A
105341,D
105342,D
105343,B
105344,B
105345,C
105346,A
105347,A
105348,B
105349,C
105350,B
105351,A
105352,D
105353,C
105354,D
105355,A
105356,D
105357,A
105358,A
105359,C
105360,D
105361,B
105362,D
105363,A
105364,A
105365,B
105366,A
105367,D
105368,A
105369,A
105370,C
105371,C
105372,B
105373,A
105374,C
105375,D
105376,D
105377,B
105378,D
105379,D
105380,A
105381,A
105382,A
105383,A
105384,D
105385,D
105386,B
105387,A
105388,D
105389,D
105390,A
105391,B
105392,B
105393,D
105394,A
105395,C
105396,C
105397,A
105398,A
105399,D
105400,C
105401,D
105402,A
105403,C
105404,A
105405,A
105406,D
105407,A
105408,A
105409,B
105410,D
105411,A
105412,D
105413,A
105414,C
105415,D
105416,D
105417,D
105418,D
105419,A
105420,A
105421,C
105422,D
105423,C
105424,B
105425,C
105426,D
105427,D
105428,D
105429,A
105430,B
105431,A
105432,A
105433,B
105434,D
105435,D
105436,D
105437,A
105438,C
105439,D
105440,B
105441,C
105442,A
105443,A
105444,D
105445,C
105446,A
105447,A
105448,A
105449,A
105450,A
105451,C
105452,C
105453,C
105454,A
105455,D
105456,B
105457,C
105458,C
105459,A
105460,A
105461,D
105462,A
105463,B
105464,C
105465,C
105466,D
105467,B
105468,A
105469,A
105470,B
105471,D
105472,B
105473,A
105474,C
105475,D
105476,A
105477,B
105478,A
105479,C
105480,A
105481,A
105482,A
105483,B
105484,C
105485,B
105486,D
105487,C
105488,D
105489,A
105490,D
105491,D
105492,D
105493,C
105494,A
105495,A
105496,D
105497,A
105498,A
105499,C
105500,A
105501,C
105502,C
105503,B
105504,B
105505,A
105506,C
105507,B
105508,D
105509,B
105510,D
105511,B
105512,B
105513,C
105514,A
105515,C
105516,B
105517,C
105518,C
105519,A
105520,B
105521,A
105522,A
105523,A
105524,C
105525,D
105526,D
105527,D
105528,D
105529,A
105530,A
105531,A
105532,D
105533,B
105534,B
105535,A
105536,A
105537,A
105538,B
105539,C
105540,A
105541,A
105542,B
105543,D
105544,C
105545,B
105546,B
105547,D
105548,D
105549,C
105550,B
105551,A
105552,D
105553,A
105554,B
105555,D
105556,C
105557,A
105558,C
105559,D
105560,A
105561,D
105562,C
105563,D
105564,C
105565,D
105566,A
105567,D
105568,D
105569,C
105570,A
105571,D
105572,A
105573,D
105574,A
105575,C
105576,C
105577,A
105578,A
105579,B
105580,D
105581,A
105582,D
105583,A
105584,D
105585,B
105586,B
105587,B
105588,C
105589,C
105590,A
105591,D
105592,A
105593,A
105594,A
105595,B
105596,A
105597,C
105598,D
105599,A
105600,C
105601,D
105602,D
105603,C
105604,C
105605,D
105606,C
105607,B
105608,B
105609,B
105610,B
105611,A
105612,A
105613,C
105614,B
105615,A
105616,A
105617,C
105618,A
105619,C
105620,D
105621,B
105622,C
105623,A
105624,B
105625,B
105626,B
105627,A
105628,B
105629,D
105630,C
105631,B
105632,C
105633,C
105634,B
105635,C
105636,A
105637,A
105638,A
105639,B
105640,C
105641,A
105642,C
105643,D
105644,A
105645,C
105646,D
105647,B
105648,A
105649,A
105650,A
105651,A
105652,A
105653,A
105654,B
105655,A
105656,D
105657,C
105658,A
105659,D
105660,B
105661,A
105662,D
105663,A
105664,C
105665,A
105666,A
105667,A
105668,A
105669,B
105670,B
105671,D
105672,D
105673,B
105674,A
105675,A
105676,D
105677,A
105678,D
105679,C
105680,A
105681,D
105682,A
105683,A
105684,A
105685,A
105686,C
105687,A
105688,D
105689,D
105690,A
105691,A
105692,A
105693,D
105694,D
105695,C
105696,D
105697,D
105698,B
105699,D
105700,C
105701,C
105702,C
105703,B
105704,A
105705,D
105706,A
105707,C
105708,A
105709,A
105710,A
105711,D
105712,A
105713,C
105714,A
105715,A
105716,D
105717,A
105718,B
105719,C
105720,D
105721,C
105722,D
105723,A
105724,D
105725,A
105726,D
105727,D
105728,D
105729,A
105730,A
105731,C
105732,B
105733,C
105734,D
105735,C
105736,B
105737,A
105738,D
105739,D
105740,A
105741,A
105742,A
105743,C
105744,D
105745,A
105746,D
105747,D
105748,A
105749,B
105750,D
105751,B
105752,A
105753,D
105754,C
105755,D
105756,A
105757,A
105758,D
105759,B
105760,B
105761,C
105762,C
105763,C
105764,C
105765,C
105766,C
105767,D
105768,A
105769,B
105770,D
105771,C
105772,A
105773,A
105774,C
105775,A
105776,A
105777,B
105778,C
105779,A
105780,C
105781,A
105782,A
105783,A
105784,A
105785,D
105786,C
105787,A
105788,C
105789,A
105790,A
105791,B
105792,A
105793,A
105794,B
105795,B
105796,B
105797,C
105798,B
105799,A
105800,D
105801,A
105802,B
105803,C
105804,C
105805,A
105806,B
105807,A
105808,C
105809,A
105810,C
105811,D
105812,C
105813,A
105814,C
105815,A
105816,C
105817,A
105818,A
105819,A
105820,B
105821,B
105822,B
105823,A
105824,C
105825,C
105826,C
105827,B
105828,A
105829,C
105830,C
105831,A
105832,C
105833,A
105834,A
105835,B
105836,B
105837,A
105838,A
105839,D
105840,D
105841,C
105842,A
105843,A
105844,A
105845,D
105846,D
105847,C
105848,B
105849,B
105850,D
105851,B
105852,B
105853,A
105854,D
105855,D
105856,A
105857,A
105858,A
105859,C
105860,A
105861,C
105862,C
105863,A
105864,C
105865,A
105866,C
105867,B
105868,A
105869,C
105870,C
105871,C
105872,C
105873,D
105874,A
105875,B
105876,A
105877,B
105878,D
105879,A
105880,C
105881,C
105882,B
105883,B
105884,B
105885,D
105886,A
105887,D
105888,C
105889,D
105890,C
105891,A
105892,A
105893,A
105894,A
105895,A
105896,D
105897,A
105898,A
105899,B
105900,D
105901,D
105902,B
105903,D
105904,B
105905,C
105906,A
105907,A
105908,B
105909,D
105910,B
105911,D
105912,D
105913,C
105914,C
105915,A
105916,B
105917,C
105918,A
105919,B
105920,A
105921,D
105922,A
105923,D
105924,A
105925,A
105926,A
105927,A
105928,A
105929,A
105930,A
105931,D
105932,B
105933,A
105934,C
105935,B
105936,B
105937,B
105938,A
105939,A
105940,B
105941,B
105942,B
105943,C
105944,A
105945,D
105946,B
105947,A
105948,C
105949,A
105950,D
105951,B
105952,C
105953,A
105954,A
105955,C
105956,B
105957,A
105958,D
105959,A
105960,C
105961,D
105962,A
105963,D
105964,A
105965,A
105966,A
105967,A
105968,C
105969,A
105970,C
105971,A
105972,C
105973,A
105974,D
105975,C
105976,D
105977,A
105978,C
105979,A
105980,A
105981,D
105982,A
105983,A
105984,C
105985,C
105986,D
105987,A
105988,B
105989,B
105990,A
105991,A
105992,C
105993,C
105994,D
105995,B
105996,B
105997,C
105998,A
105999,D
106000,D
106001,D
106002,C
106003,C
106004,D
106005,D
106006,A
106007,A
106008,C
106009,C
106010,A
106011,A
106012,B
106013,A
106014,D
106015,C
106016,B
106017,A
106018,A
106019,C
106020,D
106021,C
106022,A
106023,A
106024,C
106025,D
106026,A
106027,A
106028,A
106029,A
106030,D
106031,B
106032,C
106033,A
106034,B
106035,D
106036,D
106037,B
106038,C
106039,B
106040,A
106041,A
106042,A
106043,C
106044,B
106045,A
106046,A
106047,A
106048,A
106049,A
106050,A
106051,C
106052,A
106053,A
106054,D
106055,A
106056,D
106057,A
106058,D
106059,A
106060,A
106061,A
106062,C
106063,A
106064,B
106065,B
106066,A
106067,D
106068,D
106069,A
106070,D
106071,A
106072,C
106073,D
106074,A
106075,B
106076,A
106077,C
106078,A
106079,A
106080,C
106081,C
106082,B
106083,A
106084,A
106085,A
106086,A
106087,B
106088,D
106089,A
106090,B
106091,A
106092,C
106093,A
106094,C
106095,B
106096,D
106097,D
106098,A
106099,A
106100,A
106101,A
106102,A
106103,A
106104,C
106105,A
106106,A
106107,C
106108,B
106109,A
106110,B
106111,D
106112,A
106113,A
106114,A
106115,A
106116,A
106117,B
106118,D
106119,A
106120,B
106121,C
106122,A
106123,B
106124,D
106125,A
106126,C
106127,B
106128,A
106129,B
106130,B
106131,A
106132,C
106133,A
106134,A
106135,A
106136,B
106137,A
106138,D
106139,A
106140,D
106141,A
106142,B
106143,A
106144,A
106145,D
106146,D
106147,B
106148,A
106149,A
106150,D
106151,A
106152,A
106153,A
106154,A
106155,A
106156,A
106157,C
106158,A
106159,D
106160,B
106161,C
106162,B
106163,B
106164,C
106165,D
106166,D
106167,A
106168,C
106169,B
106170,B
106171,B
106172,B
106173,A
106174,D
106175,D
106176,D
106177,C
106178,B
106179,C
106180,B
106181,B
106182,B
106183,A
106184,A
106185,D
106186,D
106187,A
106188,A
106189,B
106190,A
106191,A
106192,A
106193,C
106194,A
106195,A
106196,C
106197,D
106198,D
106199,B
106200,A
106201,A
106202,A
106203,D
106204,B
106205,B
106206,A
106207,B
106208,A
106209,A
106210,C
106211,C
106212,A
106213,A
106214,B
106215,D
106216,D
106217,C
106218,C
106219,B
106220,D
106221,A
106222,A
106223,B
106224,A
106225,A
106226,C
106227,A
106228,B
106229,A
106230,B
106231,A
106232,A
106233,A
106234,C
106235,A
106236,C
106237,A
106238,A
106239,B
106240,B
106241,A
106242,A
106243,D
106244,A
106245,D
106246,A
106247,A
106248,A
106249,B
106250,A
106251,B
106252,B
106253,D
106254,B
106255,D
106256,B
106257,A
106258,C
106259,C
106260,C
106261,C
106262,C
106263,D
106264,A
106265,C
106266,D
106267,A
106268,A
106269,B
106270,D
106271,A
106272,C
106273,A
106274,C
106275,A
106276,D
106277,B
106278,D
106279,C
106280,A
106281,C
106282,C
106283,D
106284,D
106285,B
106286,B
106287,A
106288,B
106289,A
106290,C
106291,A
106292,A
106293,A
106294,A
106295,D
106296,A
106297,D
106298,C
106299,A
106300,D
106301,A
106302,B
106303,A
106304,A
106305,D
106306,C
106307,A
106308,A
106309,A
106310,D
106311,C
106312,B
106313,D
106314,A
106315,A
106316,A
106317,D
106318,A
106319,B
106320,D
106321,D
106322,A
106323,A
106324,B
106325,A
106326,B
106327,D
106328,A
106329,D
106330,D
106331,B
106332,A
106333,B
106334,C
106335,B
106336,D
106337,B
106338,A
106339,C
106340,A
106341,B
106342,A
106343,B
106344,C
106345,C
106346,B
106347,A
106348,A
106349,D
106350,C
106351,A
106352,D
106353,B
106354,C
106355,D
106356,C
106357,C
106358,B
106359,A
106360,D
106361,B
106362,B
106363,C
106364,B
106365,D
106366,C
106367,B
106368,A
106369,D
106370,A
106371,C
106372,A
106373,A
106374,B
106375,A
106376,A
106377,D
106378,C
106379,C
106380,A
106381,A
106382,A
106383,D
106384,B
106385,A
106386,B
106387,B
106388,A
106389,D
106390,D
106391,D
106392,A
106393,A
106394,A
106395,C
106396,B
106397,A
106398,C
106399,B
106400,C
106401,D
106402,C
106403,A
106404,B
106405,A
106406,C
106407,C
106408,B
106409,C
106410,B
106411,C
106412,D
106413,A
106414,C
106415,A
106416,C
106417,D
106418,B
106419,A
106420,A
106421,C
106422,B
106423,C
106424,A
106425,D
106426,C
106427,A
106428,B
106429,A
106430,D
106431,A
106432,B
106433,D
106434,D
106435,A
106436,A
106437,C
106438,D
106439,B
106440,D
106441,B
106442,C
106443,C
106444,A
106445,A
106446,C
106447,A
106448,A
106449,A
106450,A
106451,D
106452,A
106453,A
106454,D
106455,C
106456,A
106457,D
106458,A
106459,B
106460,B
106461,B
106462,D
106463,A
106464,A
106465,C
106466,A
106467,D
106468,B
106469,A
106470,C
106471,C
106472,D
106473,A
106474,A
106475,C
106476,C
106477,A
106478,A
106479,D
106480,B
106481,D
106482,B
106483,B
106484,A
106485,D
106486,A
106487,B
106488,C
106489,A
106490,D
106491,B
106492,D
106493,B
106494,A
106495,C
106496,D
106497,A
106498,A
106499,A
106500,C
106501,B
106502,A
106503,B
106504,B
106505,A
106506,A
106507,B
106508,A
106509,A
106510,D
106511,C
106512,C
106513,D
106514,B
106515,B
106516,C
106517,D
106518,A
106519,C
106520,D
106521,A
106522,A
106523,B
106524,A
106525,B
106526,A
106527,B
106528,C
106529,A
106530,A
106531,C
106532,A
106533,B
106534,A
106535,A
106536,C
106537,B
106538,B
106539,A
106540,A
106541,C
106542,C
106543,C
106544,C
106545,B
106546,A
106547,B
106548,A
106549,A
106550,B
106551,A
106552,B
106553,A
106554,D
106555,A
106556,B
106557,C
106558,B
106559,D
106560,C
106561,A
106562,D
106563,B
106564,B
106565,C
106566,C
106567,B
106568,C
106569,B
106570,A
106571,A
106572,A
106573,B
106574,A
106575,A
106576,A
106577,B
106578,A
106579,A
106580,D
106581,A
106582,D
106583,B
106584,A
106585,A
106586,B
106587,A
106588,B
106589,D
106590,D
106591,A
106592,A
106593,A
106594,A
106595,D
106596,B
106597,D
106598,C
106599,C
106600,B
106601,D
106602,C
106603,B
106604,C
106605,B
106606,A
106607,B
106608,D
106609,A
106610,B
106611,A
106612,A
106613,A
106614,C
106615,A
106616,A
106617,D
106618,C
106619,B
106620,A
106621,C
106622,C
106623,C
106624,A
106625,D
106626,C
106627,A
106628,C
106629,A
106630,D
106631,A
106632,D
106633,C
106634,C
106635,A
106636,C
106637,C
106638,D
106639,A
106640,B
106641,A
106642,A
106643,A
106644,B
106645,C
106646,B
106647,A
106648,B
106649,B
106650,A
106651,C
106652,A
106653,A
106654,A
106655,B
106656,C
106657,A
106658,A
106659,B
106660,D
106661,A
106662,A
106663,A
106664,D
106665,A
106666,A
106667,A
106668,A
106669,A
106670,A
106671,B
106672,A
106673,B
106674,C
106675,A
106676,A
106677,B
106678,A
106679,A
106680,A
106681,D
106682,A
106683,C
106684,C
106685,A
106686,A
106687,A
106688,A
106689,A
106690,A
106691,B
106692,A
106693,B
106694,A
106695,C
106696,C
106697,B
106698,D
106699,B
106700,C
106701,A
106702,A
106703,D
106704,A
106705,C
106706,B
106707,B
106708,D
106709,D
106710,C
106711,D
106712,A
106713,A
106714,C
106715,A
106716,B
106717,B
106718,D
106719,A
106720,D
106721,A
106722,C
106723,D
106724,D
106725,C
106726,A
106727,A
106728,A
106729,B
106730,B
106731,B
106732,C
106733,D
106734,A
106735,A
106736,A
106737,C
106738,A
106739,A
106740,B
106741,A
106742,B
106743,B
106744,C
106745,A
106746,D
106747,C
106748,D
106749,C
106750,D
106751,A
106752,C
106753,C
106754,B
106755,B
106756,B
106757,A
106758,A
106759,B
106760,B
106761,C
106762,A
106763,D
106764,A
106765,D
106766,C
106767,C
106768,A
106769,C
106770,C
106771,D
106772,B
106773,D
106774,A
106775,D
106776,A
106777,A
106778,C
106779,B
106780,A
106781,D
106782,B
106783,A
106784,C
106785,D
106786,A
106787,A
106788,C
106789,B
106790,A
106791,B
106792,D
106793,C
106794,D
106795,A
106796,D
106797,B
106798,B
106799,B
106800,C
106801,B
106802,D
106803,A
106804,C
106805,A
106806,A
106807,B
106808,D
106809,D
106810,C
106811,D
106812,A
106813,B
106814,A
106815,B
106816,A
106817,A
106818,D
106819,D
106820,D
106821,B
106822,C
106823,D
106824,D
106825,D
106826,A
106827,C
106828,A
106829,A
106830,D
106831,A
106832,A
106833,A
106834,C
106835,A
106836,A
106837,A
106838,A
106839,B
106840,B
106841,A
106842,A
106843,A
106844,D
106845,D
106846,D
106847,A
106848,A
106849,B
106850,D
106851,A
106852,A
106853,B
106854,B
106855,A
106856,C
106857,A
106858,B
106859,A
106860,C
106861,A
106862,B
106863,A
106864,C
106865,D
106866,D
106867,C
106868,A
106869,C
106870,C
106871,D
106872,C
106873,D
106874,A
106875,D
106876,C
106877,C
106878,A
106879,D
106880,B
106881,D
106882,A
106883,A
106884,D
106885,A
106886,A
106887,D
106888,D
106889,A
106890,A
106891,C
106892,C
106893,A
106894,C
106895,A
106896,A
106897,A
106898,A
106899,D
106900,A
106901,A
106902,D
106903,D
106904,D
106905,D
106906,A
106907,B
106908,A
106909,D
106910,D
106911,C
106912,C
106913,D
106914,A
106915,D
106916,D
106917,B
106918,C
106919,C
106920,C
106921,A
106922,C
106923,A
106924,A
106925,A
106926,A
106927,B
106928,B
106929,A
106930,D
106931,A
106932,A
106933,A
106934,B
106935,B
106936,D
106937,C
106938,A
106939,B
106940,A
106941,A
106942,B
106943,B
106944,B
106945,D
106946,C
106947,D
106948,D
106949,A
106950,D
106951,B
106952,A
106953,D
106954,A
106955,B
106956,A
106957,B
106958,C
106959,D
106960,C
106961,D
106962,D
106963,A
106964,C
106965,B
106966,C
106967,A
106968,A
106969,D
106970,A
106971,A
106972,B
106973,B
106974,D
106975,A
106976,A
106977,D
106978,B
106979,A
106980,D
106981,A
106982,A
106983,C
106984,A
106985,A
106986,A
106987,A
106988,A
106989,A
106990,B
106991,D
106992,C
106993,B
106994,A
106995,D
106996,B
106997,A
106998,C
106999,B
107000,D
107001,A
107002,B
107003,D
107004,C
107005,A
107006,A
107007,A
107008,D
107009,B
107010,C
107011,A
107012,A
107013,B
107014,D
107015,A
107016,C
107017,C
107018,C
107019,D
107020,A
107021,C
107022,A
107023,D
107024,A
107025,B
107026,C
107027,B
107028,D
107029,C
107030,A
107031,D
107032,A
107033,A
107034,A
107035,D
107036,B
107037,D
107038,B
107039,B
107040,B
107041,D
107042,B
107043,A
107044,D
107045,B
107046,A
107047,A
107048,C
107049,A
107050,A
107051,B
107052,A
107053,B
107054,B
107055,A
107056,B
107057,D
107058,D
107059,A
107060,C
107061,D
107062,C
107063,A
107064,A
107065,C
107066,A
107067,C
107068,D
107069,A
107070,B
107071,D
107072,A
107073,A
107074,C
107075,A
107076,B
107077,D
107078,B
107079,C
107080,D
107081,A
107082,D
107083,A
107084,C
107085,B
107086,D
107087,B
107088,C
107089,B
107090,C
107091,B
107092,C
107093,D
107094,C
107095,A
107096,A
107097,A
107098,A
107099,A
107100,B
107101,A
107102,A
107103,B
107104,B
107105,A
107106,A
107107,B
107108,D
107109,A
107110,C
107111,B
107112,A
107113,B
107114,A
107115,A
107116,A
107117,B
107118,D
107119,D
107120,C
107121,C
107122,D
107123,A
107124,B
107125,A
107126,A
107127,D
107128,B
107129,A
107130,D
107131,B
107132,B
107133,A
107134,C
107135,C
107136,A
107137,A
107138,C
107139,B
107140,A
107141,A
107142,A
107143,D
107144,A
107145,D
107146,D
107147,B
107148,A
107149,C
107150,D
107151,A
107152,D
107153,C
107154,D
107155,A
107156,A
107157,B
107158,A
107159,D
107160,A
107161,B
107162,B
107163,A
107164,B
107165,D
107166,B
107167,C
107168,B
107169,C
107170,C
107171,A
107172,A
107173,D
107174,B
107175,D
107176,A
107177,D
107178,B
107179,A
107180,A
107181,A
107182,D
107183,A
107184,A
107185,A
107186,A
107187,A
107188,B
107189,C
107190,A
107191,C
107192,D
107193,A
107194,C
107195,D
107196,C
107197,D
107198,D
107199,A
107200,A
107201,D
107202,D
107203,A
107204,D
107205,A
107206,A
107207,A
107208,B
107209,B
107210,A
107211,D
107212,C
107213,C
107214,D
107215,A
107216,A
107217,A
107218,B
107219,A
107220,A
107221,A
107222,A
107223,A
107224,A
107225,A
107226,B
107227,C
107228,A
107229,A
107230,B
107231,D
107232,A
107233,D
107234,D
107235,A
107236,A
107237,A
107238,D
107239,D
107240,B
107241,B
107242,D
107243,A
107244,A
107245,C
107246,D
107247,B
107248,A
107249,D
107250,D
107251,A
107252,A
107253,D
107254,A
107255,A
107256,C
107257,A
107258,C
107259,C
107260,B
107261,B
107262,D
107263,D
107264,B
107265,B
107266,A
107267,D
107268,B
107269,A
107270,B
107271,D
107272,D
107273,D
107274,D
107275,A
107276,A
107277,C
107278,A
107279,C
107280,D
107281,A
107282,A
107283,B
107284,D
107285,D
107286,D
107287,A
107288,D
107289,D
107290,A
107291,A
107292,C
107293,B
107294,A
107295,C
107296,B
107297,A
107298,D
107299,A
107300,C
107301,A
107302,A
107303,D
107304,C
107305,D
107306,A
107307,D
107308,C
107309,B
107310,D
107311,B
107312,A
107313,A
107314,A
107315,A
107316,D
107317,A
107318,B
107319,D
107320,A
107321,D
107322,A
107323,B
107324,A
107325,B
107326,D
107327,C
107328,A
107329,C
107330,B
107331,C
107332,A
107333,A
107334,A
107335,A
107336,C
107337,B
107338,C
107339,A
107340,A
107341,A
107342,A
107343,A
107344,C
107345,A
107346,A
107347,A
107348,A
107349,A
107350,C
107351,A
107352,C
107353,C
107354,A
107355,C
107356,D
107357,A
107358,A
107359,C
107360,A
107361,A
107362,C
107363,A
107364,C
107365,D
107366,A
107367,A
107368,A
107369,D
107370,B
107371,B
107372,C
107373,C
107374,D
107375,A
107376,A
107377,A
107378,A
107379,D
107380,A
107381,A
107382,D
107383,A
107384,C
107385,A
107386,B
107387,B
107388,A
107389,C
107390,D
107391,D
107392,A
107393,D
107394,B
107395,C
107396,A
107397,A
107398,B
107399,B
107400,B
107401,B
107402,C
107403,A
107404,A
107405,A
107406,D
107407,A
107408,C
107409,B
107410,A
107411,B
107412,D
107413,A
107414,A
107415,A
107416,A
107417,D
107418,D
107419,A
107420,D
107421,A
107422,D
107423,B
107424,C
107425,A
107426,A
107427,B
107428,A
107429,C
107430,A
107431,C
107432,C
107433,C
107434,C
107435,A
107436,B
107437,B
107438,B
107439,D
107440,A
107441,B
107442,B
107443,A
107444,A
107445,C
107446,A
107447,C
107448,C
107449,B
107450,C
107451,A
107452,C
107453,B
107454,A
107455,C
107456,C
107457,B
107458,C
107459,D
107460,C
107461,C
107462,D
107463,B
107464,A
107465,A
107466,B
107467,C
107468,A
107469,A
107470,B
107471,D
107472,C
107473,B
107474,B
107475,B
107476,A
107477,D
107478,B
107479,B
107480,A
107481,A
107482,C
107483,A
107484,B
107485,A
107486,A
107487,A
107488,B
107489,C
107490,B
107491,C
107492,A
107493,A
107494,C
107495,D
107496,A
107497,B
107498,D
107499,C
107500,D
107501,C
107502,D
107503,D
107504,A
107505,B
107506,C
107507,A
107508,B
107509,D
107510,D
107511,A
107512,A
107513,D
107514,B
107515,B
107516,C
107517,A
107518,A
107519,A
107520,A
107521,A
107522,C
107523,B
107524,C
107525,A
107526,B
107527,B
107528,C
107529,C
107530,B
107531,C
107532,A
107533,C
107534,D
107535,B
107536,D
107537,A
107538,A
107539,A
107540,C
107541,C
107542,C
107543,C
107544,C
107545,A
107546,C
107547,A
107548,A
107549,A
107550,C
107551,A
107552,B
107553,D
107554,A
107555,C
107556,C
107557,D
107558,C
107559,D
107560,A
107561,A
107562,C
107563,D
107564,D
107565,D
107566,A
107567,C
107568,D
107569,A
107570,A
107571,C
107572,C
107573,A
107574,B
107575,C
107576,B
107577,B
107578,A
107579,D
107580,A
107581,A
107582,D
107583,C
107584,A
107585,A
107586,D
107587,C
107588,A
107589,A
107590,D
107591,A
107592,A
107593,A
107594,B
107595,D
107596,C
107597,A
107598,B
107599,D
107600,A
107601,C
107602,A
107603,A
107604,A
107605,A
107606,A
107607,A
107608,B
107609,A
107610,A
107611,C
107612,A
107613,A
107614,B
107615,C
107616,C
107617,A
107618,A
107619,A
107620,D
107621,A
107622,B
107623,A
107624,A
107625,A
107626,A
107627,C
107628,D
107629,A
107630,B
107631,B
107632,A
107633,D
107634,A
107635,D
107636,B
107637,C
107638,D
107639,B
107640,D
107641,D
107642,A
107643,A
107644,B
107645,D
107646,D
107647,B
107648,A
107649,B
107650,B
107651,D
107652,B
107653,A
107654,D
107655,D
107656,C
107657,B
107658,C
107659,D
107660,A
107661,C
107662,D
107663,B
107664,B
107665,D
107666,A
107667,B
107668,A
107669,A
107670,D
107671,C
107672,A
107673,C
107674,A
107675,C
107676,B
107677,C
107678,D
107679,C
107680,A
107681,A
107682,A
107683,B
107684,A
107685,A
107686,B
107687,B
107688,A
107689,A
107690,A
107691,C
107692,D
107693,D
107694,A
107695,A
107696,C
107697,D
107698,D
107699,A
107700,D
107701,A
107702,D
107703,B
107704,B
107705,D
107706,C
107707,C
107708,B
107709,D
107710,C
107711,A
107712,A
107713,D
107714,B
107715,C
107716,C
107717,A
107718,D
107719,C
107720,B
107721,B
107722,A
107723,A
107724,A
107725,A
107726,C
107727,B
107728,A
107729,D
107730,C
107731,B
107732,D
107733,B
107734,B
107735,B
107736,A
107737,A
107738,A
107739,A
107740,B
107741,A
107742,A
107743,B
107744,C
107745,B
107746,A
107747,A
107748,D
107749,B
107750,D
107751,D
107752,C
107753,C
107754,D
107755,A
107756,C
107757,A
107758,D
107759,C
107760,A
107761,D
107762,C
107763,A
107764,B
107765,C
107766,C
107767,A
107768,C
107769,A
107770,B
107771,A
107772,C
107773,B
107774,A
107775,A
107776,D
107777,D
107778,C
107779,A
107780,C
107781,D
107782,D
107783,B
107784,B
107785,C
107786,C
107787,B
107788,B
107789,D
107790,A
107791,A
107792,B
107793,C
107794,A
107795,C
107796,D
107797,A
107798,A
107799,A
107800,C
107801,D
107802,A
107803,A
107804,C
107805,A
107806,A
107807,B
107808,B
107809,C
107810,A
107811,A
107812,C
107813,B
107814,D
107815,B
107816,A
107817,A
107818,D
107819,B
107820,B
107821,B
107822,A
107823,D
107824,A
107825,A
107826,A
107827,B
107828,A
107829,D
107830,B
107831,A
107832,D
107833,C
107834,C
107835,C
107836,A
107837,D
107838,D
107839,C
107840,D
107841,A
107842,A
107843,A
107844,C
107845,C
107846,B
107847,A
107848,A
107849,B
107850,D
107851,D
107852,C
107853,A
107854,C
107855,A
107856,D
107857,A
107858,D
107859,A
107860,A
107861,B
107862,A
107863,C
107864,C
107865,B
107866,C
107867,C
107868,A
107869,A
107870,A
107871,A
107872,A
107873,A
107874,B
107875,B
107876,C
107877,A
107878,C
107879,A
107880,C
107881,A
107882,D
107883,A
107884,C
107885,B
107886,A
107887,B
107888,B
107889,C
107890,A
107891,A
107892,D
107893,A
107894,A
107895,B
107896,B
107897,A
107898,D
107899,A
107900,A
107901,A
107902,C
107903,A
107904,B
107905,A
107906,C
107907,C
107908,A
107909,D
107910,C
107911,A
107912,D
107913,D
107914,A
107915,B
107916,A
107917,A
107918,A
107919,A
107920,A
107921,A
107922,B
107923,D
107924,D
107925,B
107926,A
107927,D
107928,B
107929,C
107930,D
107931,A
107932,C
107933,C
107934,A
107935,D
107936,D
107937,A
107938,C
107939,A
107940,A
107941,B
107942,C
107943,A
107944,A
107945,C
107946,D
107947,D
107948,A
107949,C
107950,C
107951,B
107952,A
107953,B
107954,A
107955,A
107956,D
107957,D
107958,C
107959,C
107960,A
107961,C
107962,D
107963,B
107964,D
107965,A
107966,D
107967,C
107968,D
107969,A
107970,B
107971,C
107972,C
107973,D
107974,B
107975,D
107976,D
107977,A
107978,C
107979,C
107980,A
107981,A
107982,C
107983,C
107984,A
107985,C
107986,A
107987,B
107988,A
107989,B
107990,D
107991,D
107992,B
107993,C
107994,D
107995,D
107996,C
107997,C
107998,C
107999,A
108000,A
108001,A
108002,C
108003,A
108004,A
108005,D
108006,A
108007,A
108008,D
108009,D
108010,C
108011,D
108012,A
108013,A
108014,A
108015,C
108016,B
108017,D
108018,A
108019,A
108020,D
108021,C
108022,B
108023,C
108024,B
108025,C
108026,D
108027,A
108028,B
108029,A
108030,B
108031,B
108032,A
108033,D
108034,B
108035,C
108036,A
108037,D
108038,D
108039,B
108040,A
108041,B
108042,A
108043,B
108044,A
108045,C
108046,D
108047,C
108048,D
108049,B
108050,C
108051,D
108052,A
108053,A
108054,A
108055,D
108056,B
108057,C
108058,C
108059,D
108060,C
108061,D
108062,A
108063,D
108064,A
108065,A
108066,D
108067,B
108068,A
108069,A
108070,D
108071,A
108072,A
108073,A
108074,A
108075,C
108076,A
108077,D
108078,A
108079,C
108080,A
108081,C
108082,D
108083,B
108084,A
108085,D
108086,B
108087,B
108088,B
108089,C
108090,A
108091,A
108092,C
108093,A
108094,A
108095,B
108096,C
108097,D
108098,C
108099,A
108100,B
108101,B
108102,A
108103,C
108104,B
108105,D
108106,D
108107,C
108108,D
108109,A
108110,C
108111,A
108112,B
108113,A
108114,D
108115,D
108116,A
108117,B
108118,D
108119,D
108120,A
108121,B
108122,B
108123,D
108124,B
108125,D
108126,C
108127,C
108128,D
108129,A
108130,D
108131,A
108132,A
108133,B
108134,B
108135,C
108136,B
108137,B
108138,C
108139,A
108140,A
108141,A
108142,B
108143,C
108144,A
108145,B
108146,A
108147,C
108148,D
108149,C
108150,C
108151,C
108152,D
108153,B
108154,B
108155,C
108156,A
108157,A
108158,A
108159,A
108160,D
108161,C
108162,D
108163,B
108164,A
108165,C
108166,D
108167,C
108168,A
108169,B
108170,A
108171,D
108172,A
108173,A
108174,C
108175,A
108176,C
108177,A
108178,A
108179,B
108180,C
108181,C
108182,C
108183,D
108184,A
108185,D
108186,D
108187,D
108188,D
108189,D
108190,C
108191,A
108192,C
108193,C
108194,C
108195,A
108196,B
108197,B
108198,A
108199,C
108200,B
108201,C
108202,A
108203,C
108204,A
108205,B
108206,D
108207,C
108208,C
108209,C
108210,A
108211,B
108212,A
108213,B
108214,A
108215,B
108216,A
108217,D
108218,A
108219,A
108220,D
108221,A
108222,C
108223,D
108224,C
108225,C
108226,A
108227,A
108228,B
108229,C
108230,A
108231,A
108232,B
108233,D
108234,A
108235,C
108236,C
108237,D
108238,B
108239,A
108240,D
108241,A
108242,A
108243,A
108244,C
108245,A
108246,B
108247,A
108248,C
108249,B
108250,A
108251,B
108252,B
108253,A
108254,C
108255,D
108256,D
108257,A
108258,D
108259,B
108260,A
108261,B
108262,B
108263,A
108264,A
108265,C
108266,C
108267,A
108268,D
108269,D
108270,D
108271,D
108272,B
108273,A
108274,A
108275,D
108276,B
108277,B
108278,B
108279,C
108280,A
108281,C
108282,B
108283,A
108284,A
108285,A
108286,B
108287,A
108288,B
108289,A
108290,D
108291,C
108292,B
108293,A
108294,D
108295,A
108296,A
108297,D
108298,D
108299,D
108300,A
108301,A
108302,D
108303,A
108304,D
108305,D
108306,C
108307,D
108308,C
108309,C
108310,C
108311,C
108312,B
108313,C
108314,C
108315,A
108316,C
108317,A
108318,A
108319,B
108320,A
108321,A
108322,D
108323,B
108324,D
108325,B
108326,C
108327,B
108328,A
108329,D
108330,A
108331,D
108332,B
108333,A
108334,C
108335,A
108336,B
108337,C
108338,D
108339,C
108340,B
108341,D
108342,C
108343,C
108344,A
108345,A
108346,D
108347,D
108348,B
108349,A
108350,A
108351,A
108352,C
108353,C
108354,B
108355,C
108356,C
108357,A
108358,A
108359,D
108360,A
108361,B
108362,A
108363,D
108364,A
108365,C
108366,B
108367,A
108368,A
108369,B
108370,C
108371,A
108372,A
108373,B
108374,D
108375,D
108376,C
108377,A
108378,A
108379,C
108380,A
108381,A
108382,A
108383,D
108384,C
108385,C
108386,C
108387,A
108388,D
108389,D
108390,A
108391,A
108392,D
108393,B
108394,A
108395,A
108396,A
108397,B
108398,B
108399,B
108400,B
108401,B
108402,D
108403,C
108404,A
108405,C
108406,A
108407,A
108408,D
108409,A
108410,C
108411,C
108412,C
108413,C
108414,D
108415,A
108416,D
108417,A
108418,C
108419,A
108420,C
108421,B
108422,D
108423,C
108424,A
108425,A
108426,C
108427,A
108428,A
108429,B
108430,D
108431,A
108432,D
108433,D
108434,C
108435,A
108436,B
108437,A
108438,A
108439,C
108440,C
108441,D
108442,C
108443,C
108444,C
108445,D
108446,A
108447,A
108448,A
108449,D
108450,D
108451,B
108452,B
108453,C
108454,A
108455,D
108456,A
108457,B
108458,B
108459,D
108460,A
108461,B
108462,B
108463,A
108464,C
108465,B
108466,B
108467,B
108468,A
108469,D
108470,A
108471,B
108472,C
108473,A
108474,B
108475,A
108476,C
108477,B
108478,A
108479,C
108480,A
108481,A
108482,C
108483,D
108484,C
108485,A
108486,D
108487,D
108488,A
108489,D
108490,A
108491,C
108492,A
108493,A
108494,C
108495,C
108496,B
108497,A
108498,A
108499,B
108500,D
108501,A
108502,B
108503,D
108504,A
108505,A
108506,C
108507,A
108508,C
108509,C
108510,C
108511,D
108512,A
108513,A
108514,D
108515,C
108516,A
108517,A
108518,A
108519,A
108520,D
108521,A
108522,A
108523,D
108524,A
108525,A
108526,B
108527,B
108528,A
108529,C
108530,A
108531,C
108532,B
108533,A
108534,D
108535,D
108536,D
108537,A
108538,A
108539,A
108540,A
108541,C
108542,D
108543,A
108544,D
108545,C
108546,A
108547,C
108548,A
108549,D
108550,B
108551,C
108552,A
108553,B
108554,D
108555,A
108556,C
108557,D
108558,A
108559,B
108560,A
108561,A
108562,D
108563,B
108564,C
108565,B
108566,C
108567,C
108568,A
108569,A
108570,A
108571,A
108572,B
108573,A
108574,C
108575,A
108576,D
108577,B
108578,D
108579,B
108580,D
108581,B
108582,D
108583,C
108584,B
108585,D
108586,A
108587,C
108588,B
108589,C
108590,C
108591,C
108592,D
108593,C
108594,A
108595,A
108596,D
108597,D
108598,A
108599,A
108600,B
108601,D
108602,B
108603,B
108604,A
108605,B
108606,B
108607,C
108608,C
108609,A
108610,C
108611,D
108612,A
108613,A
108614,A
108615,D
108616,D
108617,A
108618,A
108619,C
108620,B
108621,B
108622,B
108623,C
108624,A
108625,D
108626,D
108627,A
108628,C
108629,D
108630,A
108631,D
108632,C
108633,D
108634,D
108635,C
108636,C
108637,C
108638,A
108639,C
108640,D
108641,B
108642,A
108643,D
108644,B
108645,B
108646,D
108647,A
108648,C
108649,A
108650,D
108651,A
108652,D
108653,B
108654,D
108655,A
108656,C
108657,A
108658,C
108659,D
108660,B
108661,A
108662,D
108663,A
108664,A
108665,A
108666,B
108667,A
108668,B
108669,D
108670,B
108671,C
108672,C
108673,D
108674,B
108675,A
108676,A
108677,C
108678,C
108679,D
108680,A
108681,C
108682,B
108683,A
108684,B
108685,D
108686,D
108687,D
108688,C
108689,A
108690,A
108691,C
108692,C
108693,A
108694,D
108695,A
108696,A
108697,B
108698,A
108699,D
108700,B
108701,A
108702,A
108703,B
108704,C
108705,A
108706,A
108707,B
108708,D
108709,C
108710,B
108711,C
108712,A
108713,D
108714,A
108715,A
108716,A
108717,B
108718,D
108719,B
108720,C
108721,B
108722,C
108723,D
108724,A
108725,C
108726,A
108727,B
108728,B
108729,B
108730,C
108731,D
108732,C
108733,C
108734,C
108735,A
108736,D
108737,A
108738,A
108739,C
108740,B
108741,B
108742,A
108743,A
108744,A
108745,B
108746,A
108747,C
108748,D
108749,A
108750,B
108751,B
108752,C
108753,A
108754,A
108755,C
108756,D
108757,A
108758,B
108759,A
108760,A
108761,C
108762,B
108763,A
108764,D
108765,A
108766,B
108767,C
108768,D
108769,B
108770,A
108771,A
108772,A
108773,D
108774,A
108775,C
108776,A
108777,C
108778,B
108779,C
108780,A
108781,B
108782,B
108783,A
108784,D
108785,D
108786,D
108787,C
108788,D
108789,D
108790,D
108791,B
108792,A
108793,A
108794,A
108795,A
108796,C
108797,D
108798,C
108799,A
108800,C
108801,C
108802,B
108803,A
108804,C
108805,A
108806,A
108807,A
108808,D
108809,D
108810,A
108811,A
108812,C
108813,A
108814,A
108815,D
108816,C
108817,B
108818,A
108819,B
108820,B
108821,B
108822,A
108823,A
108824,C
108825,A
108826,A
108827,D
108828,C
108829,D
108830,A
108831,B
108832,C
108833,A
108834,B
108835,C
108836,A
108837,B
108838,C
108839,A
108840,D
108841,D
108842,B
108843,D
108844,C
108845,A
108846,D
108847,A
108848,A
108849,D
108850,C
108851,D
108852,A
108853,D
108854,A
108855,D
108856,D
108857,C
108858,A
108859,A
108860,D
108861,A
108862,B
108863,A
108864,B
108865,D
108866,A
108867,C
108868,C
108869,B
108870,D
108871,B
108872,D
108873,C
108874,A
108875,D
108876,B
108877,C
108878,B
108879,C
108880,A
108881,A
108882,C
108883,A
108884,C
108885,D
108886,C
108887,C
108888,C
108889,C
108890,C
108891,A
108892,D
108893,B
108894,A
108895,A
108896,C
108897,A
108898,A
108899,A
108900,A
108901,B
108902,A
108903,B
108904,C
108905,A
108906,C
108907,A
108908,A
108909,C
108910,A
108911,A
108912,A
108913,D
108914,A
108915,A
108916,B
108917,B
108918,D
108919,A
108920,B
108921,D
108922,B
108923,A
108924,D
108925,A
108926,A
108927,D
108928,D
108929,C
108930,A
108931,B
108932,B
108933,B
108934,A
108935,D
108936,A
108937,D
108938,C
108939,A
108940,D
108941,C
108942,A
108943,A
108944,A
108945,B
108946,A
108947,C
108948,A
108949,D
108950,A
108951,A
108952,A
108953,D
108954,D
108955,B
108956,A
108957,D
108958,A
108959,A
108960,D
108961,A
108962,C
108963,D
108964,C
108965,A
108966,A
108967,D
108968,A
108969,B
108970,B
108971,A
108972,B
108973,D
108974,A
108975,B
108976,C
108977,A
108978,B
108979,C
108980,D
108981,A
108982,D
108983,B
108984,C
108985,B
108986,C
108987,D
108988,B
108989,A
108990,A
108991,B
108992,A
108993,A
108994,C
108995,B
108996,A
108997,D
108998,C
108999,A
109000,D
109001,B
109002,A
109003,A
109004,A
109005,C
109006,B
109007,C
109008,C
109009,B
109010,B
109011,C
109012,C
109013,A
109014,C
109015,A
109016,C
109017,D
109018,B
109019,B
109020,A
109021,C
109022,B
109023,B
109024,C
109025,A
109026,B
109027,B
109028,D
109029,A
109030,B
109031,A
109032,A
109033,B
109034,B
109035,D
109036,A
109037,D
109038,A
109039,A
109040,A
109041,A
109042,A
109043,A
109044,C
109045,D
109046,A
109047,A
109048,C
109049,C
109050,C
109051,B
109052,B
109053,D
109054,D
109055,A
109056,C
109057,A
109058,A
109059,A
109060,B
109061,B
109062,D
109063,A
109064,C
109065,D
109066,D
109067,A
109068,B
109069,A
109070,A
109071,D
109072,C
109073,D
109074,D
109075,D
109076,D
109077,D
109078,B
109079,C
109080,A
109081,A
109082,A
109083,C
109084,D
109085,D
109086,D
109087,B
109088,C
109089,A
109090,B
109091,A
109092,B
109093,D
109094,A
109095,B
109096,A
109097,C
109098,A
109099,B
109100,C
109101,C
109102,D
109103,D
109104,C
109105,C
109106,C
109107,D
109108,A
109109,A
109110,A
109111,A
109112,A
109113,C
109114,A
109115,A
109116,B
109117,A
109118,D
109119,A
109120,D
109121,A
109122,B
109123,A
109124,C
109125,B
109126,A
109127,D
109128,D
109129,B
109130,A
109131,A
109132,A
109133,A
109134,A
109135,B
109136,A
109137,C
109138,C
109139,B
109140,B
109141,D
109142,C
109143,B
109144,A
109145,A
109146,C
109147,A
109148,A
109149,D
109150,A
109151,D
109152,A
109153,D
109154,D
109155,A
109156,A
109157,C
109158,C
109159,A
109160,B
109161,B
109162,B
109163,A
109164,A
109165,A
109166,D
109167,D
109168,D
109169,B
109170,B
109171,C
109172,B
109173,D
109174,B
109175,C
109176,B
109177,B
109178,D
109179,B
109180,B
109181,A
109182,C
109183,C
109184,C
109185,D
109186,A
109187,A
109188,A
109189,A
109190,D
109191,C
109192,D
109193,D
109194,D
109195,C
109196,B
109197,A
109198,C
109199,A
109200,B
109201,A
109202,C
109203,A
109204,B
109205,A
109206,C
109207,D
109208,A
109209,B
109210,B
109211,B
109212,A
109213,B
109214,B
109215,A
109216,B
109217,A
109218,B
109219,A
109220,A
109221,B
109222,B
109223,A
109224,B
109225,A
109226,B
109227,C
109228,B
109229,A
109230,B
109231,B
109232,B
109233,A
109234,A
109235,A
109236,D
109237,B
109238,C
109239,B
109240,B
109241,B
109242,D
109243,B
109244,C
109245,C
109246,A
109247,A
109248,B
109249,B
109250,A
109251,C
109252,C
109253,C
109254,B
109255,B
109256,A
109257,A
109258,B
109259,B
109260,A
109261,B
109262,C
109263,C
109264,A
109265,B
109266,A
109267,C
109268,C
109269,A
109270,C
109271,A
109272,C
109273,D
109274,A
109275,C
109276,A
109277,B
109278,B
109279,A
109280,A
109281,C
109282,B
109283,A
109284,C
109285,B
109286,B
109287,B
109288,A
109289,C
109290,B
109291,A
109292,B
109293,A
109294,A
109295,A
109296,B
109297,B
109298,A
109299,B
109300,A
109301,C
109302,C
109303,D
109304,D
109305,D
109306,D
109307,B
109308,A
109309,A
109310,A
109311,D
109312,D
109313,B
109314,C
109315,D
109316,D
109317,C
109318,C
109319,A
109320,C
109321,C
109322,A
109323,A
109324,A
109325,A
109326,B
109327,D
109328,A
109329,B
109330,A
109331,A
109332,A
109333,D
109334,C
109335,D
109336,D
109337,D
109338,C
109339,D
109340,A
109341,A
109342,B
109343,A
109344,B
109345,A
109346,A
109347,A
109348,A
109349,B
109350,B
109351,C
109352,C
109353,B
109354,A
109355,B
109356,D
109357,D
109358,A
109359,A
109360,D
109361,B
109362,D
109363,C
109364,A
109365,D
109366,A
109367,A
109368,A
109369,A
109370,A
109371,D
109372,A
109373,D
109374,A
109375,B
109376,C
109377,D
109378,B
109379,C
109380,D
109381,D
109382,B
109383,A
109384,A
109385,D
109386,B
109387,C
109388,D
109389,C
109390,A
109391,A
109392,B
109393,B
109394,A
109395,C
109396,B
109397,C
109398,D
109399,C
109400,A
109401,A
109402,A
109403,C
109404,D
109405,B
109406,C
109407,B
109408,A
109409,A
109410,C
109411,D
109412,A
109413,A
109414,A
109415,D
109416,B
109417,C
109418,C
109419,A
109420,C
109421,A
109422,B
109423,A
109424,B
109425,C
109426,D
109427,B
109428,D
109429,C
109430,B
109431,C
109432,A
109433,B
109434,A
109435,C
109436,D
109437,A
109438,A
109439,C
109440,C
109441,C
109442,D
109443,A
109444,D
109445,D
109446,B
109447,A
109448,C
109449,A
109450,D
109451,C
109452,D
109453,C
109454,A
109455,A
109456,C
109457,A
109458,A
109459,A
109460,D
109461,A
109462,A
109463,A
109464,D
109465,D
109466,B
109467,A
109468,D
109469,C
109470,C
109471,A
109472,A
109473,C
109474,A
109475,B
109476,A
109477,D
109478,C
109479,A
109480,D
109481,C
109482,D
109483,A
109484,C
109485,A
109486,B
109487,D
109488,C
109489,C
109490,D
109491,A
109492,B
109493,B
109494,A
109495,A
109496,C
109497,D
109498,D
109499,D
109500,B
109501,D
109502,A
109503,D
109504,A
109505,A
109506,A
109507,A
109508,A
109509,D
109510,D
109511,C
109512,C
109513,C
109514,B
109515,A
109516,C
109517,C
109518,D
109519,D
109520,C
109521,D
109522,A
109523,B
109524,A
109525,A
109526,D
109527,A
109528,D
109529,D
109530,A
109531,A
109532,A
109533,A
109534,C
109535,A
109536,A
109537,B
109538,C
109539,C
109540,D
109541,B
109542,B
109543,B
109544,A
109545,A
109546,A
109547,C
109548,C
109549,D
109550,B
109551,A
109552,A
109553,A
109554,C
109555,A
109556,B
109557,B
109558,A
109559,C
109560,A
109561,A
109562,C
109563,D
109564,D
109565,B
109566,D
109567,D
109568,A
109569,D
109570,B
109571,A
109572,D
109573,B
109574,D
109575,C
109576,A
109577,B
109578,D
109579,A
109580,A
109581,A
109582,B
109583,D
109584,A
109585,C
109586,A
109587,C
109588,A
109589,C
109590,C
109591,B
109592,A
109593,A
109594,A
109595,A
109596,B
109597,C
109598,A
109599,A
109600,D
109601,D
109602,D
109603,D
109604,A
109605,B
109606,D
109607,B
109608,B
109609,A
109610,B
109611,B
109612,A
109613,D
109614,C
109615,C
109616,A
109617,C
109618,A
109619,B
109620,A
109621,B
109622,A
109623,A
109624,B
109625,D
109626,C
109627,A
109628,B
109629,C
109630,D
109631,A
109632,C
109633,D
109634,A
109635,B
109636,C
109637,A
109638,D
109639,A
109640,A
109641,A
109642,D
109643,A
109644,D
109645,C
109646,C
109647,A
109648,A
109649,B
109650,D
109651,D
109652,A
109653,A
109654,A
109655,D
109656,A
109657,D
109658,D
109659,A
109660,D
109661,A
109662,C
109663,A
109664,D
109665,A
109666,C
109667,B
109668,A
109669,D
109670,C
109671,A
109672,A
109673,A
109674,B
109675,D
109676,C
109677,A
109678,C
109679,C
109680,A
109681,D
109682,C
109683,C
109684,A
109685,C
109686,D
109687,A
109688,B
109689,B
109690,C
109691,A
109692,D
109693,A
109694,A
109695,B
109696,A
109697,B
109698,D
109699,A
109700,B
109701,C
109702,D
109703,A
109704,D
109705,A
109706,A
109707,A
109708,A
109709,A
109710,A
109711,A
109712,A
109713,A
109714,C
109715,A
109716,D
109717,A
109718,D
109719,A
109720,D
109721,C
109722,A
109723,A
109724,D
109725,D
109726,B
109727,A
109728,A
109729,A
109730,D
109731,A
109732,D
109733,C
109734,D
109735,D
109736,A
109737,D
109738,A
109739,B
109740,A
109741,A
109742,C
109743,B
109744,B
109745,A
109746,D
109747,A
109748,B
109749,C
109750,D
109751,D
109752,C
109753,A
109754,B
109755,C
109756,A
109757,B
109758,C
109759,C
109760,B
109761,A
109762,A
109763,B
109764,A
109765,D
109766,A
109767,A
109768,A
109769,D
109770,B
109771,A
109772,A
109773,D
109774,B
109775,C
109776,C
109777,C
109778,A
109779,B
109780,C
109781,A
109782,C
109783,A
109784,B
109785,D
109786,D
109787,C
109788,A
109789,A
109790,D
109791,A
109792,A
109793,C
109794,A
109795,B
109796,D
109797,A
109798,C
109799,C
109800,A
109801,A
109802,A
109803,B
109804,A
109805,A
109806,B
109807,C
109808,C
109809,B
109810,B
109811,C
109812,A
109813,D
109814,B
109815,C
109816,B
109817,A
109818,B
109819,A
109820,A
109821,B
109822,C
109823,C
109824,A
109825,D
109826,D
109827,C
109828,B
109829,A
109830,A
109831,A
109832,D
109833,D
109834,A
109835,C
109836,A
109837,A
109838,D
109839,C
109840,B
109841,A
109842,B
109843,C
109844,C
109845,D
109846,C
109847,A
109848,A
109849,B
109850,A
109851,A
109852,B
109853,B
109854,B
109855,A
109856,B
109857,A
109858,B
109859,A
109860,D
109861,B
109862,C
109863,D
109864,D
109865,B
109866,C
109867,A
109868,A
109869,D
109870,B
109871,D
109872,D
109873,A
109874,D
109875,D
109876,C
109877,A
109878,A
109879,A
109880,D
109881,B
109882,B
109883,A
109884,A
109885,B
109886,D
109887,D
109888,A
109889,A
109890,B
109891,D
109892,D
109893,A
109894,A
109895,A
109896,B
109897,A
109898,C
109899,D
109900,D
109901,D
109902,A
109903,A
109904,D
109905,D
109906,D
109907,D
109908,D
109909,A
109910,A
109911,A
109912,C
109913,A
109914,A
109915,C
109916,C
109917,D
109918,D
109919,C
109920,A
109921,A
109922,D
109923,A
109924,D
109925,C
109926,A
109927,A
109928,D
109929,A
109930,B
109931,D
109932,A
109933,C
109934,C
109935,B
109936,D
109937,A
109938,B
109939,B
109940,D
109941,C
109942,A
109943,A
109944,A
109945,C
109946,C
109947,A
109948,D
109949,C
109950,D
109951,A
109952,C
109953,A
109954,B
109955,A
109956,D
109957,B
109958,B
109959,B
109960,D
109961,B
109962,B
109963,D
109964,A
109965,D
109966,B
109967,B
109968,A
109969,A
109970,C
109971,B
109972,A
109973,A
109974,B
109975,B
109976,A
109977,B
109978,B
109979,A
109980,A
109981,A
109982,A
109983,A
109984,A
109985,A
109986,A
109987,D
109988,C
109989,C
109990,D
109991,D
109992,D
109993,C
109994,D
109995,A
109996,C
109997,D
109998,B
109999,C
110000,B
110001,B
110002,B
110003,A
110004,A
110005,C
110006,C
110007,C
110008,D
110009,A
110010,A
110011,C
110012,A
110013,A
110014,B
110015,D
110016,C
110017,A
110018,B
110019,D
110020,C
110021,B
110022,A
110023,D
110024,C
110025,C
110026,C
110027,A
110028,A
110029,A
110030,B
110031,C
110032,B
110033,D
110034,A
110035,C
110036,C
110037,D
110038,A
110039,A
110040,B
110041,B
110042,B
110043,B
110044,C
110045,A
110046,B
110047,C
110048,B
110049,A
110050,D
110051,B
110052,C
110053,B
110054,A
110055,A
110056,B
110057,D
110058,A
110059,C
110060,C
110061,C
110062,C
110063,B
110064,D
110065,A
110066,B
110067,C
110068,A
110069,C
110070,A
110071,A
110072,A
110073,B
110074,D
110075,C
110076,B
110077,A
110078,B
110079,D
110080,D
110081,C
110082,A
110083,A
110084,D
110085,D
110086,B
110087,C
110088,C
110089,D
110090,D
110091,C
110092,A
110093,A
110094,A
110095,B
110096,A
110097,C
110098,B
110099,C
110100,A
110101,D
110102,C
110103,A
110104,D
110105,A
110106,A
110107,A
110108,C
110109,D
110110,A
110111,B
110112,B
110113,C
110114,A
110115,A
110116,A
110117,C
110118,A
110119,B
110120,C
110121,B
110122,B
110123,B
110124,B
110125,D
110126,B
110127,A
110128,B
110129,B
110130,A
110131,A
110132,A
110133,C
110134,C
110135,C
110136,D
110137,A
110138,C
110139,D
110140,B
110141,A
110142,C
110143,C
110144,B
110145,A
110146,A
110147,A
110148,C
110149,C
110150,A
110151,D
110152,A
110153,D
110154,D
110155,D
110156,D
110157,B
110158,A
110159,D
110160,D
110161,A
110162,A
110163,C
110164,B
110165,A
110166,A
110167,D
110168,C
110169,A
110170,A
110171,A
110172,A
110173,B
110174,B
110175,C
110176,C
110177,B
110178,B
110179,B
110180,C
110181,B
110182,C
110183,A
110184,B
110185,B
110186,D
110187,B
110188,A
110189,D
110190,B
110191,A
110192,A
110193,C
110194,B
110195,B
110196,A
110197,A
110198,C
110199,A
110200,A
110201,D
110202,A
110203,C
110204,A
110205,B
110206,A
110207,C
110208,D
110209,D
110210,A
110211,A
110212,C
110213,B
110214,B
110215,C
110216,A
110217,C
110218,D
110219,D
110220,A
110221,D
110222,B
110223,C
110224,A
110225,C
110226,C
110227,A
110228,B
110229,D
110230,A
110231,C
110232,B
110233,A
110234,D
110235,A
110236,D
110237,A
110238,A
110239,D
110240,D
110241,C
110242,A
110243,A
110244,A
110245,A
110246,C
110247,B
110248,B
110249,A
110250,B
110251,C
110252,C
110253,C
110254,B
110255,C
110256,C
110257,A
110258,A
110259,D
110260,A
110261,C
110262,B
110263,D
110264,B
110265,A
110266,B
110267,B
110268,A
110269,B
110270,A
110271,A
110272,C
110273,C
110274,B
110275,A
110276,D
110277,A
110278,B
110279,B
110280,C
110281,A
110282,A
110283,D
110284,A
110285,D
110286,B
110287,B
110288,B
110289,A
110290,A
110291,C
110292,C
110293,D
110294,B
110295,A
110296,D
110297,C
110298,A
110299,A
110300,B
110301,A
110302,A
110303,A
110304,A
110305,B
110306,D
110307,D
110308,A
110309,C
110310,D
110311,B
110312,A
110313,C
110314,C
110315,A
110316,B
110317,C
110318,C
110319,C
110320,A
110321,A
110322,B
110323,D
110324,D
110325,D
110326,C
110327,A
110328,A
110329,C
110330,A
110331,C
110332,C
110333,A
110334,D
110335,B
110336,C
110337,C
110338,D
110339,C
110340,C
110341,C
110342,C
110343,A
110344,A
110345,C
110346,C
110347,A
110348,B
110349,A
110350,A
110351,A
110352,A
110353,B
110354,B
110355,B
110356,C
110357,B
110358,D
110359,B
110360,A
110361,B
110362,A
110363,B
110364,A
110365,A
110366,A
110367,A
110368,A
110369,C
110370,D
110371,D
110372,C
110373,A
110374,A
110375,A
110376,A
110377,A
110378,D
110379,D
110380,B
110381,D
110382,D
110383,A
110384,D
110385,A
110386,A
110387,B
110388,B
110389,A
110390,D
110391,B
110392,B
110393,A
110394,B
110395,A
110396,A
110397,B
110398,A
110399,B
110400,D
110401,D
110402,B
110403,A
110404,C
110405,A
110406,C
110407,B
110408,A
110409,A
110410,A
110411,C
110412,D
110413,D
110414,B
110415,B
110416,A
110417,C
110418,A
110419,C
110420,C
110421,B
110422,D
110423,B
110424,A
110425,A
110426,A
110427,A
110428,B
110429,D
110430,B
110431,B
110432,B
110433,B
110434,C
110435,D
110436,A
110437,B
110438,D
110439,C
110440,A
110441,B
110442,D
110443,B
110444,D
110445,A
110446,C
110447,B
110448,B
110449,A
110450,A
110451,B
110452,C
110453,B
110454,B
110455,B
110456,A
110457,C
110458,D
110459,C
110460,B
110461,C
110462,D
110463,C
110464,B
110465,C
110466,A
110467,A
110468,C
110469,A
110470,C
110471,B
110472,A
110473,B
110474,A
110475,C
110476,B
110477,D
110478,C
110479,A
110480,A
110481,A
110482,D
110483,C
110484,D
110485,C
110486,D
110487,A
110488,D
110489,C
110490,C
110491,A
110492,C
110493,B
110494,A
110495,C
110496,A
110497,A
110498,D
110499,B
110500,A
110501,C
110502,D
110503,A
110504,C
110505,A
110506,A
110507,B
110508,A
110509,A
110510,B
110511,C
110512,A
110513,C
110514,C
110515,A
110516,B
110517,B
110518,B
110519,C
110520,A
110521,D
110522,D
110523,D
110524,D
110525,C
110526,D
110527,D
110528,D
110529,A
110530,A
110531,D
110532,D
110533,A
110534,A
110535,A
110536,D
110537,B
110538,D
110539,A
110540,D
110541,D
110542,A
110543,A
110544,C
110545,C
110546,B
110547,A
110548,C
110549,B
110550,B
110551,D
110552,A
110553,A
110554,A
110555,C
110556,A
110557,D
110558,C
110559,A
110560,A
110561,A
110562,C
110563,B
110564,C
110565,D
110566,D
110567,C
110568,A
110569,B
110570,D
110571,A
110572,A
110573,A
110574,A
110575,A
110576,A
110577,C
110578,B
110579,A
110580,D
110581,A
110582,C
110583,B
110584,B
110585,C
110586,C
110587,D
110588,D
110589,D
110590,A
110591,A
110592,C
110593,D
110594,D
110595,A
110596,D
110597,A
110598,A
110599,D
110600,C
110601,B
110602,A
110603,B
110604,A
110605,C
110606,A
110607,C
110608,D
110609,A
110610,B
110611,A
110612,A
110613,B
110614,D
110615,C
110616,A
110617,A
110618,D
110619,A
110620,C
110621,C
110622,A
110623,B
110624,D
110625,B
110626,B
110627,A
110628,A
110629,A
110630,B
110631,B
110632,A
